,name,composer,time_signature,styles
0,Ballade,Debussy,4/4,Impressionism
1,Berceuse Heroique,Debussy,2/2,Impressionism
2,Children's Corner Part 1,Debussy,4/4,Impressionism
3,Children's Corner Part 2,Debussy,2/2,Impressionism
4,Children's Corner Part 3,Debussy,3/4,Impressionism
5,Children's Corner Part 4,Debussy,4/4,Impressionism
6,Children's Corner Part 5,Debussy,4/4,Impressionism
7,Children's Corner Part 6,Debussy,2/4,Impressionism
8,D'un Cahier d'Esquisses,Debussy,6/8,Impressionism
9,Danse Bohemienne,Debussy,2/4,Impressionism
10,Danse,Debussy,6/8,Impressionism
11,Deux Arabesques Part 1,Debussy,4/4,Impressionism
12,Deux Arabesques Part 2,Debussy,4/4,Impressionism
13,Elegie,Debussy,4/4,Impressionism
14,Estampes Part 1,Debussy,4/4,Impressionism
15,Estampes Part 2,Debussy,2/4,Impressionism
16,Estampes Part 3,Debussy,2/2,Impressionism
17,Etudes Part 10,Debussy,9/8,Impressionism
18,Etudes Part 11,Debussy,3/4,Impressionism
19,Etudes Part 12,Debussy,3/8,Impressionism
20,Etudes Part 1,Debussy,4/4,Impressionism
21,Etudes Part 2,Debussy,4/4,Impressionism
22,Etudes Part 3,Debussy,6/8,Impressionism
23,Etudes Part 4,Debussy,3/4,Impressionism
24,Etudes Part 5,Debussy,3/8,Impressionism
25,Etudes Part 6,Debussy,3/4,Impressionism
26,Etudes Part 7,Debussy,2/4,Impressionism
27,Etudes Part 8,Debussy,6/8,Impressionism
28,Etudes Part 9,Debussy,4/4,Impressionism
29,Hommage A Haydn,Debussy,3/4,Impressionism
30,Images 1ere serie Part 1,Debussy,4/8,Impressionism
31,Images 1ere serie Part 2,Debussy,3/2,Impressionism
32,Images 1ere serie Part 3,Debussy,2/4,Impressionism
33,Images 2eme serie Part 1,Debussy,4/4,Impressionism
34,Images 2eme serie Part 2,Debussy,4/4,Impressionism
35,Images 2eme serie Part 3,Debussy,3/4,Impressionism
36,Images Oubliees Part 1,Debussy,3/4,Impressionism
37,Images Oubliees Part 2,Debussy,3/4,Impressionism
38,Images Oubliees Part 3,Debussy,4/4,Impressionism
39,L'Isle joyeuse,Debussy,4/4,Impressionism
40,La Boite a Joujoux Part 1,Debussy,2/2,Impressionism
41,La Boite a Joujoux Part 2,Debussy,3/4,Impressionism
42,La Boite a Joujoux Part 3,Debussy,3/4,Impressionism
43,La Boite a Joujoux Part 4,Debussy,4/4,Impressionism
44,La Boite a Joujoux Part 5,Debussy,6/8,Impressionism
45,La Boite a Joujoux Part 6,Debussy,2/2,Impressionism
46,La Plus que Lente,Debussy,3/4,Impressionism
47,Les soirs illuminés par l'ardeur du charbon,Debussy,4/4,Impressionism
48,Masques,Debussy,6/8,Impressionism
49,Mazurka,Debussy,3/4,Impressionism
50,Morceau de concours,Debussy,2/4,Impressionism
51,Nocturne,Debussy,4/4,Impressionism
52,Pièce pour le Vêtement du blessé,Debussy,3/4,Impressionism
53,Pour le Piano Part 1,Debussy,3/4,Impressionism
54,Pour le Piano Part 2,Debussy,3/4,Impressionism
55,Pour le Piano Part 3,Debussy,2/4,Impressionism
56,"Preludes, Livre 1 part 10",Debussy,6/4,Impressionism
57,"Preludes, Livre 1 part 11",Debussy,2/4,Impressionism
58,"Preludes, Livre 1 part 12",Debussy,2/4,Impressionism
59,"Preludes, Livre 1 part 1",Debussy,3/4,Impressionism
60,"Preludes, Livre 1 part 2",Debussy,2/4,Impressionism
61,"Preludes, Livre 1 part 3",Debussy,4/4,Impressionism
62,"Preludes, Livre 1 part 4",Debussy,3/4,Impressionism
63,"Preludes, Livre 1 part 5",Debussy,2/4,Impressionism
64,"Preludes, Livre 1 part 6",Debussy,4/4,Impressionism
65,"Preludes, Livre 1 part 7",Debussy,4/4,Impressionism
66,"Preludes, Livre 1 part 8",Debussy,3/4,Impressionism
67,"Preludes, Livre 1 part 9",Debussy,3/8,Impressionism
68,"Preludes, Livre 2 part 10",Debussy,4/4,Impressionism
69,"Preludes, Livre 2 part 11",Debussy,2/4,Impressionism
70,"Preludes, Livre 2 part 12",Debussy,4/8,Impressionism
71,"Preludes, Livre 2 part 1",Debussy,4/8,Impressionism
72,"Preludes, Livre 2 part 2",Debussy,3/4,Impressionism
73,"Preludes, Livre 2 part 3",Debussy,2/4,Impressionism
74,"Preludes, Livre 2 part 4",Debussy,3/8,Impressionism
75,"Preludes, Livre 2 part 5",Debussy,3/4,Impressionism
76,"Preludes, Livre 2 part 6",Debussy,2/4,Impressionism
77,"Preludes, Livre 2 part 7",Debussy,6/8,Impressionism
78,"Preludes, Livre 2 part 8",Debussy,6/8,Impressionism
79,"Preludes, Livre 2 part 9",Debussy,3/4,Impressionism
80,Reverie,Debussy,4/4,Impressionism
81,Suite Bergamasque Part 1,Debussy,4/4,Impressionism
82,Suite Bergamasque Part 2,Debussy,3/4,Impressionism
83,Suite Bergamasque Part 3,Debussy,9/8,Impressionism
84,Suite Bergamasque Part 4,Debussy,4/4,Impressionism
85,The Little Nigar,Debussy,2/4,Impressionism
86,Valse Romantique,Debussy,3/4,Impressionism
87,Gaspard de la Nuit part 1,Maurice Ravel,4/4,Impressionism
88,Gaspard de la Nuit part 2,Maurice Ravel,4/4,Impressionism
89,Gaspard de la Nuit part 3,Maurice Ravel,3/8,Impressionism
90,Jeux d'Eau,Maurice Ravel,4/4,Impressionism
91,Menuet sur le Nom d'Haydn,Maurice Ravel,3/4,Impressionism
92,Menuet,Maurice Ravel,3/4,Impressionism
93,Miroirs part 1,Maurice Ravel,3/4,Impressionism
94,Miroirs part 2,Maurice Ravel,4/4,Impressionism
95,Miroirs part 3,Maurice Ravel,6/8,Impressionism
96,Miroirs part 4,Maurice Ravel,6/8,Impressionism
97,Miroirs part 5,Maurice Ravel,4/4,Impressionism
98,Prelude,Maurice Ravel,3/4,Impressionism
99,Serenade Grotesque,Maurice Ravel,2/4,Impressionism
100,Valses nobles et sentimentales part 1,Maurice Ravel,3/4,Impressionism
101,Valses nobles et sentimentales part 2,Maurice Ravel,3/4,Impressionism
102,Valses nobles et sentimentales part 3,Maurice Ravel,3/4,Impressionism
103,Valses nobles et sentimentales part 4,Maurice Ravel,3/4,Impressionism
104,Valses nobles et sentimentales part 5,Maurice Ravel,3/4,Impressionism
105,Valses nobles et sentimentales part 6,Maurice Ravel,3/2,Impressionism
106,Valses nobles et sentimentales part 7,Maurice Ravel,3/4,Impressionism
107,Valses nobles et sentimentales part 8,Maurice Ravel,3/4,Impressionism
108,À la manière de Borodine,Maurice Ravel,3/4,Impressionism
109,À la manière de Chabrier,Maurice Ravel,6/8,Impressionism
110,12 Variationen ueber ein eigenes Thema,Alban Berg,2/4,Late Romantic
111,Impromptu in E Major,Alban Berg,6/8,Late Romantic
112,Klavierstuck in B minor,Alban Berg,4/4,Late Romantic
113,Klavierstucke in C minor,Alban Berg,3/4,Late Romantic
114,Klavierstucke in C# minor,Alban Berg,4/4,Late Romantic
115,Klavierstucke in F minor,Alban Berg,3/8,Late Romantic
116,Menuet in F Major,Alban Berg,3/4,Late Romantic
117,Thema und Variation in A minor,Alban Berg,6/8,Late Romantic
118,Thema und Variation in f minor,Alban Berg,6/8,Late Romantic
119,Three Piano Pieces part 1,Arnold Schoenberg,2/4,Late Romantic
120,Three Piano Pieces part 2,Arnold Schoenberg,2/4,Late Romantic
121,Three Piano Pieces part 3,Arnold Schoenberg,2/4,Late Romantic
122,10 Easy Pieces Sz. 39 part 0,Bela Bartok,4/4,Nationalism
123,10 Easy Pieces Sz. 39 part 10,Bela Bartok,2/2,Nationalism
124,10 Easy Pieces Sz. 39 part 1,Bela Bartok,2/2,Nationalism
125,10 Easy Pieces Sz. 39 part 2,Bela Bartok,4/4,Modern
126,10 Easy Pieces Sz. 39 part 3,Bela Bartok,2/4,Nationalism
127,10 Easy Pieces Sz. 39 part 4,Bela Bartok,2/4,Modern
128,10 Easy Pieces Sz. 39 part 5,Bela Bartok,4/4,Nationalism
129,10 Easy Pieces Sz. 39 part 6,Bela Bartok,2/4,Nationalism
130,10 Easy Pieces Sz. 39 part 7,Bela Bartok,3/4,Modern
131,10 Easy Pieces Sz. 39 part 8,Bela Bartok,2/4,Nationalism
132,10 Easy Pieces Sz. 39 part 9,Bela Bartok,2/4,Modern
133,14 Bagatelles part 10,Bela Bartok,2/2,Nationalism
134,14 Bagatelles part 11,Bela Bartok,2/4,Modern
135,14 Bagatelles part 12,Bela Bartok,6/8,Nationalism
136,14 Bagatelles part 13,Bela Bartok,4/4,Nationalism
137,14 Bagatelles part 14,Bela Bartok,3/8,Modern
138,14 Bagatelles part 1,Bela Bartok,4/4,Nationalism
139,14 Bagatelles part 2,Bela Bartok,2/2,Modern
140,14 Bagatelles part 3,Bela Bartok,3/4,Modern
141,14 Bagatelles part 4,Bela Bartok,3/4,Nationalism
142,14 Bagatelles part 5,Bela Bartok,2/4,Nationalism
143,14 Bagatelles part 6,Bela Bartok,2/2,Modern
144,14 Bagatelles part 7,Bela Bartok,3/4,Nationalism
145,14 Bagatelles part 8,Bela Bartok,2/4,Modern
146,14 Bagatelles part 9,Bela Bartok,3/4,Nationalism
147,15 Hungarian Peasant Songs part 10,Bela Bartok,2/4,Nationalism
148,15 Hungarian Peasant Songs part 11,Bela Bartok,2/4,Nationalism
149,15 Hungarian Peasant Songs part 12,Bela Bartok,3/4,Nationalism
150,15 Hungarian Peasant Songs part 13,Bela Bartok,2/4,Nationalism
151,15 Hungarian Peasant Songs part 14,Bela Bartok,2/4,Nationalism
152,15 Hungarian Peasant Songs part 15,Bela Bartok,2/4,Nationalism
153,15 Hungarian Peasant Songs part 1,Bela Bartok,2/4,Nationalism
154,15 Hungarian Peasant Songs part 2,Bela Bartok,6/8,Nationalism
155,15 Hungarian Peasant Songs part 3,Bela Bartok,2/4,Nationalism
156,15 Hungarian Peasant Songs part 4,Bela Bartok,3/4,Nationalism
157,15 Hungarian Peasant Songs part 5,Bela Bartok,2/4,Nationalism
158,15 Hungarian Peasant Songs part 6,Bela Bartok,7/8,Nationalism
159,15 Hungarian Peasant Songs part 7,Bela Bartok,2/4,Nationalism
160,15 Hungarian Peasant Songs part 8,Bela Bartok,2/4,Nationalism
161,15 Hungarian Peasant Songs part 9,Bela Bartok,2/4,Nationalism
162,"2 Elegies, Sz. 41 part 1",Bela Bartok,2/4,Modern
163,"2 Elegies, Sz. 41 part 2",Bela Bartok,3/4,Modern
164,2 Romanian Dances Op. 8a part 1,Bela Bartok,4/4,Nationalism
165,2 Romanian Dances Op. 8a part 2,Bela Bartok,4/4,Nationalism
166,3 Hungarian Folksongs from Csik sz. 35a part 1,Bela Bartok,3/4,Nationalism
167,3 Hungarian Folksongs from Csik sz. 35a part 2,Bela Bartok,3/4,Nationalism
168,3 Hungarian Folksongs from Csik sz. 35a part 3,Bela Bartok,4/4,Nationalism
169,4 Dirges sz. 45 part 1,Bela Bartok,2/2,Modern
170,4 Dirges sz. 45 part 2,Bela Bartok,3/4,Nationalism
171,4 Dirges sz. 45 part 3,Bela Bartok,2/2,Nationalism
172,4 Dirges sz. 45 part 4,Bela Bartok,3/4,Modern
173,4 Pieces sz. 22 part 1,Bela Bartok,4/4,Nationalism
174,4 Pieces sz. 22 part 2,Bela Bartok,3/4,Nationalism
175,4 Pieces sz. 22 part 3,Bela Bartok,3/8,Nationalism
176,4 Pieces sz. 22 part 4,Bela Bartok,3/8,Nationalism
177,7 Sketches sz. 44 part 1,Bela Bartok,2/4,Nationalism
178,7 Sketches sz. 44 part 2,Bela Bartok,4/8,Modern
179,7 Sketches sz. 44 part 3,Bela Bartok,3/4,Modern
180,7 Sketches sz. 44 part 4,Bela Bartok,3/4,Modern
181,7 Sketches sz. 44 part 5,Bela Bartok,2/4,Nationalism
182,7 Sketches sz. 44 part 6,Bela Bartok,2/4,Nationalism
183,7 Sketches sz. 44 part 7,Bela Bartok,9/8,Modern
184,9 Little Pieces for Piano Sz. 82 part 1,Bela Bartok,2/2,Nationalism
185,9 Little Pieces for Piano Sz. 82 part 2,Bela Bartok,4/4,Nationalism
186,9 Little Pieces for Piano Sz. 82 part 3,Bela Bartok,6/8,Nationalism
187,9 Little Pieces for Piano Sz. 82 part 4,Bela Bartok,2/4,Nationalism
188,9 Little Pieces for Piano Sz. 82 part 5,Bela Bartok,3/4,Nationalism
189,9 Little Pieces for Piano Sz. 82 part 6,Bela Bartok,2/4,Nationalism
190,9 Little Pieces for Piano Sz. 82 part 7,Bela Bartok,4/4,Nationalism
191,9 Little Pieces for Piano Sz. 82 part 8,Bela Bartok,2/4,Nationalism
192,9 Little Pieces for Piano Sz. 82 part 9,Bela Bartok,3/4,Nationalism
193,Allegro Barbaro sz 49,Bela Bartok,2/4,Nationalism
194,Burlesques sz. 47 part 1,Bela Bartok,3/4,Modern
195,Burlesques sz. 47 part 2,Bela Bartok,4/4,Modern
196,Burlesques sz. 47 part 3,Bela Bartok,3/8,Modern
197,Eight Improvisations on Hungarian Peasant Songs op. 20 part 1,Bela Bartok,3/2,Nationalism
198,Eight Improvisations on Hungarian Peasant Songs op. 20 part 2,Bela Bartok,2/4,Nationalism
199,Eight Improvisations on Hungarian Peasant Songs op. 20 part 3,Bela Bartok,3/4,Modern
200,Eight Improvisations on Hungarian Peasant Songs op. 20 part 4,Bela Bartok,2/4,Nationalism
201,Eight Improvisations on Hungarian Peasant Songs op. 20 part 5,Bela Bartok,2/4,Nationalism
202,Eight Improvisations on Hungarian Peasant Songs op. 20 part 6,Bela Bartok,4/4,Nationalism
203,Eight Improvisations on Hungarian Peasant Songs op. 20 part 7,Bela Bartok,2/4,Nationalism
204,Eight Improvisations on Hungarian Peasant Songs op. 20 part 8,Bela Bartok,2/4,Modern
205,"First Term at the Piano, sz. 53 part 10",Bela Bartok,4/4,Nationalism
206,"First Term at the Piano, sz. 53 part 11",Bela Bartok,4/4,Nationalism
207,"First Term at the Piano, sz. 53 part 12",Bela Bartok,4/4,Nationalism
208,"First Term at the Piano, sz. 53 part 13",Bela Bartok,4/4,Nationalism
209,"First Term at the Piano, sz. 53 part 14",Bela Bartok,4/4,Nationalism
210,"First Term at the Piano, sz. 53 part 15",Bela Bartok,2/4,Nationalism
211,"First Term at the Piano, sz. 53 part 16",Bela Bartok,3/4,Nationalism
212,"First Term at the Piano, sz. 53 part 17",Bela Bartok,4/4,Nationalism
213,"First Term at the Piano, sz. 53 part 18",Bela Bartok,4/4,Nationalism
214,"First Term at the Piano, sz. 53 part 19",Bela Bartok,4/4,Nationalism
215,"First Term at the Piano, sz. 53 part 1",Bela Bartok,4/4,Nationalism
216,"First Term at the Piano, sz. 53 part 20",Bela Bartok,4/4,Nationalism
217,"First Term at the Piano, sz. 53 part 21",Bela Bartok,2/2,Nationalism
218,"First Term at the Piano, sz. 53 part 22",Bela Bartok,4/4,Nationalism
219,"First Term at the Piano, sz. 53 part 23",Bela Bartok,3/4,Nationalism
220,"First Term at the Piano, sz. 53 part 2",Bela Bartok,4/4,Nationalism
221,"First Term at the Piano, sz. 53 part 3",Bela Bartok,4/4,Nationalism
222,"First Term at the Piano, sz. 53 part 4",Bela Bartok,3/4,Nationalism
223,"First Term at the Piano, sz. 53 part 5",Bela Bartok,4/4,Nationalism
224,"First Term at the Piano, sz. 53 part 6",Bela Bartok,4/4,Nationalism
225,"First Term at the Piano, sz. 53 part 7",Bela Bartok,4/4,Nationalism
226,"First Term at the Piano, sz. 53 part 8",Bela Bartok,4/4,Nationalism
227,"First Term at the Piano, sz. 53 part 9",Bela Bartok,3/4,Nationalism
228,For children sz. 42 Book 1 part 10,Bela Bartok,2/4,Nationalism
229,For children sz. 42 Book 1 part 11,Bela Bartok,2/4,Nationalism
230,For children sz. 42 Book 1 part 12,Bela Bartok,2/4,Nationalism
231,For children sz. 42 Book 1 part 13,Bela Bartok,2/4,Nationalism
232,For children sz. 42 Book 1 part 14,Bela Bartok,2/4,Nationalism
233,For children sz. 42 Book 1 part 15,Bela Bartok,2/4,Nationalism
234,For children sz. 42 Book 1 part 16,Bela Bartok,3/4,Nationalism
235,For children sz. 42 Book 1 part 17,Bela Bartok,2/4,Nationalism
236,For children sz. 42 Book 1 part 18,Bela Bartok,2/4,Nationalism
237,For children sz. 42 Book 1 part 19,Bela Bartok,2/8,Nationalism
238,For Children Sz. 42 Book 1 part 1,Bela Bartok,2/4,Nationalism
239,For children sz. 42 Book 1 part 20,Bela Bartok,2/4,Nationalism
240,For children sz. 42 Book 1 part 21,Bela Bartok,2/4,Nationalism
241,For children sz. 42 Book 1 part 22,Bela Bartok,3/4,Nationalism
242,For children sz. 42 Book 1 part 23,Bela Bartok,2/4,Nationalism
243,For children sz. 42 Book 1 part 24,Bela Bartok,2/4,Nationalism
244,For children sz. 42 Book 1 part 25,Bela Bartok,2/4,Nationalism
245,For children sz. 42 Book 1 part 26,Bela Bartok,3/8,Nationalism
246,For children sz. 42 Book 1 part 27,Bela Bartok,2/4,Nationalism
247,For children sz. 42 Book 1 part 28,Bela Bartok,3/4,Nationalism
248,For children sz. 42 Book 1 part 29,Bela Bartok,2/4,Nationalism
249,For Children sz. 42 Book 1 Part 2,Bela Bartok,2/4,Nationalism
250,For children sz. 42 Book 1 part 30,Bela Bartok,3/4,Nationalism
251,For children sz. 42 Book 1 part 31,Bela Bartok,2/4,Nationalism
252,For children sz. 42 Book 1 part 32,Bela Bartok,3/4,Nationalism
253,For children sz. 42 Book 1 part 33,Bela Bartok,2/4,Nationalism
254,For children sz. 42 Book 1 part 34,Bela Bartok,2/4,Nationalism
255,For children sz. 42 Book 1 part 35,Bela Bartok,4/4,Nationalism
256,For children sz. 42 Book 1 part 36,Bela Bartok,2/4,Nationalism
257,For children sz. 42 Book 1 part 37,Bela Bartok,2/4,Nationalism
258,For children sz. 42 Book 1 part 38,Bela Bartok,2/4,Nationalism
259,For children sz. 42 Book 1 part 39,Bela Bartok,2/4,Nationalism
260,For Children sz. 42 Book 1 Part 3,Bela Bartok,2/4,Nationalism
261,For children sz. 42 Book 1 part 40,Bela Bartok,2/4,Nationalism
262,For children sz. 42 Book 1 part 41,Bela Bartok,2/4,Nationalism
263,For children sz. 42 Book 1 part 42,Bela Bartok,2/4,Nationalism
264,For Children sz. 42 Book 1 Part 4,Bela Bartok,2/4,Nationalism
265,For Children sz. 42 Book 1 Part 5,Bela Bartok,2/4,Nationalism
266,For Children sz. 42 Book 1 Part 6,Bela Bartok,2/4,Nationalism
267,For Children sz. 42 Book 1 Part 7,Bela Bartok,2/4,Nationalism
268,For children sz. 42 Book 1 part 8,Bela Bartok,2/4,Nationalism
269,For children sz. 42 Book 1 part 9,Bela Bartok,2/4,Nationalism
270,For Children sz. 42 Book 2 part 10,Bela Bartok,3/2,Nationalism
271,For Children sz. 42 Book 2 part 11,Bela Bartok,3/4,Nationalism
272,For Children sz. 42 Book 2 part 12,Bela Bartok,2/4,Nationalism
273,For Children sz. 42 Book 2 part 13,Bela Bartok,2/4,Nationalism
274,For Children sz. 42 Book 2 part 14,Bela Bartok,2/4,Nationalism
275,For Children sz. 42 Book 2 part 15,Bela Bartok,3/4,Nationalism
276,For Children sz. 42 Book 2 part 16,Bela Bartok,3/4,Nationalism
277,For Children sz. 42 Book 2 part 17,Bela Bartok,3/8,Nationalism
278,For Children sz. 42 Book 2 part 18,Bela Bartok,2/4,Nationalism
279,For Children sz. 42 Book 2 part 19,Bela Bartok,6/8,Nationalism
280,For Children sz. 42 Book 2 part 1,Bela Bartok,2/4,Nationalism
281,For Children sz. 42 Book 2 part 20,Bela Bartok,2/4,Nationalism
282,For Children sz. 42 Book 2 part 21,Bela Bartok,2/4,Nationalism
283,For Children sz. 42 Book 2 part 22,Bela Bartok,2/4,Nationalism
284,For Children sz. 42 Book 2 part 23,Bela Bartok,2/4,Nationalism
285,For Children sz. 42 Book 2 part 24,Bela Bartok,2/4,Nationalism
286,For Children sz. 42 Book 2 part 25,Bela Bartok,2/4,Nationalism
287,For Children sz. 42 Book 2 part 26,Bela Bartok,3/8,Nationalism
288,For Children sz. 42 Book 2 part 27,Bela Bartok,2/4,Nationalism
289,For Children sz. 42 Book 2 part 28,Bela Bartok,3/4,Nationalism
290,For Children sz. 42 Book 2 part 29,Bela Bartok,4/4,Nationalism
291,For Children sz. 42 Book 2 part 2,Bela Bartok,2/4,Nationalism
292,For Children sz. 42 Book 2 part 30,Bela Bartok,2/4,Nationalism
293,For Children sz. 42 Book 2 part 31,Bela Bartok,2/4,Nationalism
294,For Children sz. 42 Book 2 part 32,Bela Bartok,2/4,Nationalism
295,For Children sz. 42 Book 2 part 33,Bela Bartok,2/4,Nationalism
296,For Children sz. 42 Book 2 part 34,Bela Bartok,4/4,Nationalism
297,For Children sz. 42 Book 2 part 35,Bela Bartok,4/4,Nationalism
298,For Children sz. 42 Book 2 part 36,Bela Bartok,2/4,Nationalism
299,For Children sz. 42 Book 2 part 37,Bela Bartok,2/4,Nationalism
300,For Children sz. 42 Book 2 part 38,Bela Bartok,2/4,Nationalism
301,For Children sz. 42 Book 2 part 39,Bela Bartok,2/4,Nationalism
302,For Children sz. 42 Book 2 part 3,Bela Bartok,2/4,Nationalism
303,For Children sz. 42 Book 2 part 40,Bela Bartok,6/8,Nationalism
304,For Children sz. 42 Book 2 part 42,Bela Bartok,2/4,Nationalism
305,For Children sz. 42 Book 2 part 43,Bela Bartok,2/4,Nationalism
306,For Children sz. 42 Book 2 part 4,Bela Bartok,2/4,Nationalism
307,For Children sz. 42 Book 2 part 5,Bela Bartok,3/4,Nationalism
308,For Children sz. 42 Book 2 part 6,Bela Bartok,4/8,Nationalism
309,For Children sz. 42 Book 2 part 7,Bela Bartok,4/4,Nationalism
310,For Children sz. 42 Book 2 part 8,Bela Bartok,2/4,Nationalism
311,For Children sz. 42 Book 2 part 9,Bela Bartok,3/4,Nationalism
312,Marche Funebre sz. 75b,Bela Bartok,2/2,Nationalism
313,Mikrokosmos vol.1 part 10,Bela Bartok,3/4,Modern
314,Mikrokosmos vol.1 part 11,Bela Bartok,4/4,Modern
315,Mikrokosmos vol.1 part 12,Bela Bartok,2/2,Modern
316,Mikrokosmos vol.1 part 13,Bela Bartok,3/4,Modern
317,Mikrokosmos vol.1 part 14,Bela Bartok,4/4,Modern
318,Mikrokosmos vol.1 part 15,Bela Bartok,4/4,Nationalism
319,Mikrokosmos vol.1 part 16,Bela Bartok,4/4,Modern
320,Mikrokosmos vol.1 part 17,Bela Bartok,3/4,Modern
321,Mikrokosmos vol.1 part 18,Bela Bartok,4/4,Modern
322,Mikrokosmos vol.1 part 19,Bela Bartok,4/4,Modern
323,Mikrokosmos vol.1 part 1,Bela Bartok,4/4,Modern
324,Mikrokosmos vol.1 part 20,Bela Bartok,4/4,Modern
325,Mikrokosmos vol.1 part 21,Bela Bartok,3/4,Modern
326,Mikrokosmos vol.1 part 22,Bela Bartok,4/4,Modern
327,Mikrokosmos vol.1 part 23,Bela Bartok,4/4,Modern
328,Mikrokosmos vol.1 part 24,Bela Bartok,3/4,Modern
329,Mikrokosmos vol.1 part 25,Bela Bartok,2/4,Modern
330,Mikrokosmos vol.1 part 26,Bela Bartok,4/4,Modern
331,Mikrokosmos vol.1 part 27,Bela Bartok,4/4,Modern
332,Mikrokosmos vol.1 part 28,Bela Bartok,4/4,Modern
333,Mikrokosmos vol.1 part 29,Bela Bartok,4/4,Modern
334,Mikrokosmos vol.1 part 2A,Bela Bartok,4/4,Modern
335,Mikrokosmos vol.1 part 2B,Bela Bartok,4/4,Modern
336,Mikrokosmos vol.1 part 30,Bela Bartok,4/4,Modern
337,Mikrokosmos vol.1 part 31,Bela Bartok,4/4,Modern
338,Mikrokosmos vol.1 part 32,Bela Bartok,3/2,Modern
339,Mikrokosmos vol.1 part 33,Bela Bartok,6/4,Modern
340,Mikrokosmos vol.1 part 34,Bela Bartok,2/2,Modern
341,Mikrokosmos vol.1 part 35,Bela Bartok,4/4,Modern
342,Mikrokosmos vol.1 part 36,Bela Bartok,3/4,Modern
343,Mikrokosmos vol.1 part 3,Bela Bartok,4/4,Modern
344,Mikrokosmos vol.1 part 4,Bela Bartok,4/4,Modern
345,Mikrokosmos vol.1 part 5,Bela Bartok,4/4,Modern
346,Mikrokosmos vol.1 part 6,Bela Bartok,4/4,Modern
347,Mikrokosmos vol.1 part 7,Bela Bartok,4/4,Modern
348,Mikrokosmos vol.1 part 8,Bela Bartok,4/4,Modern
349,Mikrokosmos vol.1 part 9,Bela Bartok,4/4,Modern
350,Mikrokosmos vol.2 part 1 (37),Bela Bartok,2/4,Modern
351,Mikrokosmos vol.2 part 10 (46),Bela Bartok,4/4,Modern
352,Mikrokosmos vol.2 part 11 (47),Bela Bartok,2/2,Modern
353,Mikrokosmos vol.2 part 12 (48),Bela Bartok,5/4,Modern
354,Mikrokosmos vol.2 part 13 (49),Bela Bartok,6/8,Modern
355,Mikrokosmos vol.2 part 14 (50),Bela Bartok,3/4,Modern
356,Mikrokosmos vol.2 part 15 (51),Bela Bartok,6/8,Modern
357,Mikrokosmos vol.2 part 16 (52),Bela Bartok,4/4,Modern
358,Mikrokosmos vol.2 part 17 (53),Bela Bartok,2/2,Nationalism
359,Mikrokosmos vol.2 part 18 (54),Bela Bartok,6/8,Modern
360,Mikrokosmos vol.2 part 2 (38),Bela Bartok,3/4,Modern
361,Mikrokosmos vol.2 part 20 (56),Bela Bartok,3/4,Modern
362,Mikrokosmos vol.2 part 21 (57),Bela Bartok,2/2,Modern
363,Mikrokosmos vol.2 part 22 (58),Bela Bartok,6/8,Nationalism
364,Mikrokosmos vol.2 part 23 (59),Bela Bartok,3/4,Modern
365,Mikrokosmos vol.2 part 24 (60),Bela Bartok,2/2,Modern
366,Mikrokosmos vol.2 part 25 (61),Bela Bartok,2/4,Nationalism
367,Mikrokosmos vol.2 part 26 (62),Bela Bartok,2/4,Modern
368,Mikrokosmos vol.2 part 27 (63),Bela Bartok,4/4,Modern
369,Mikrokosmos vol.2 part 28 (64) A,Bela Bartok,2/2,Modern
370,Mikrokosmos vol.2 part 28 (64) B,Bela Bartok,2/2,Modern
371,Mikrokosmos vol.2 part 3 (39),Bela Bartok,4/4,Modern
372,Mikrokosmos vol.2 part 30 (66),Bela Bartok,4/4,Modern
373,Mikrokosmos vol.2 part 4 (40),Bela Bartok,2/4,Nationalism
374,Mikrokosmos vol.2 part 5 (41),Bela Bartok,6/8,Modern
375,Mikrokosmos vol.2 part 6 (42),Bela Bartok,4/4,Modern
376,Mikrokosmos vol.2 part 7 (43) B,Bela Bartok,4/4,Nationalism
377,Mikrokosmos vol.2 part 9 (45),Bela Bartok,2/4,Modern
378,Mikrokosmos vol.3 part 1 (67),Bela Bartok,4/4,Modern
379,Mikrokosmos vol.3 part 10 (76),Bela Bartok,2/2,Modern
380,Mikrokosmos vol.3 part 11 (77),Bela Bartok,2/4,Modern
381,Mikrokosmos vol.3 part 12 (78),Bela Bartok,2/4,Nationalism
382,Mikrokosmos vol.3 part 13 (79),Bela Bartok,3/4,Neoclassicism
383,Mikrokosmos vol.3 part 14 (80),Bela Bartok,2/4,Neoclassicism
384,Mikrokosmos vol.3 part 15 (81),Bela Bartok,2/4,Modern
385,Mikrokosmos vol.3 part 16 (82),Bela Bartok,7/8,Neoclassicism
386,Mikrokosmos vol.3 part 17 (83),Bela Bartok,4/4,Modern
387,Mikrokosmos vol.3 part 18 (84),Bela Bartok,4/4,Modern
388,Mikrokosmos vol.3 part 19 (85),Bela Bartok,6/8,Modern
389,Mikrokosmos vol.3 part 20 (86),Bela Bartok,4/4,Modern
390,Mikrokosmos vol.3 part 21 (87),Bela Bartok,2/4,Modern
391,Mikrokosmos vol.3 part 22 (88),Bela Bartok,2/4,Nationalism
392,Mikrokosmos vol.3 part 23 (89),Bela Bartok,2/2,Modern
393,Mikrokosmos vol.3 part 24 (90),Bela Bartok,2/2,Nationalism
394,Mikrokosmos vol.3 part 25 (91),Bela Bartok,4/4,Modern
395,Mikrokosmos vol.3 part 26 (92),Bela Bartok,4/4,Modern
396,Mikrokosmos vol.3 part 27 (93),Bela Bartok,2/4,Modern
397,Mikrokosmos vol.3 part 28 (94),Bela Bartok,2/4,Nationalism
398,Mikrokosmos vol.3 part 29 (95) A,Bela Bartok,4/4,Nationalism
399,Mikrokosmos vol.3 part 3 (69),Bela Bartok,6/8,Modern
400,Mikrokosmos vol.3 part 30 (96),Bela Bartok,3/4,Modern
401,Mikrokosmos vol.3 part 4 (70),Bela Bartok,3/4,Modern
402,Mikrokosmos vol.3 part 5 (71),Bela Bartok,2/2,Modern
403,Mikrokosmos vol.3 part 6 (72),Bela Bartok,2/2,Modern
404,Mikrokosmos vol.3 part 7 (73),Bela Bartok,2/4,Modern
405,Mikrokosmos vol.3 part 8 (74) A,Bela Bartok,2/4,Nationalism
406,Mikrokosmos vol.3 part 9 (75),Bela Bartok,2/4,Modern
407,Mikrokosmos vol.4 part 1 (97),Bela Bartok,6/8,Modern
408,Mikrokosmos vol.4 part 10 (106),Bela Bartok,2/4,Modern
409,Mikrokosmos vol.4 part 11 (107),Bela Bartok,3/4,Modern
410,Mikrokosmos vol.4 part 12 (108),Bela Bartok,3/4,Nationalism
411,Mikrokosmos vol.4 part 13 (109),Bela Bartok,6/8,Modern
412,Mikrokosmos vol.4 part 14 (110),Bela Bartok,2/4,Modern
413,Mikrokosmos vol.4 part 15 (111),Bela Bartok,3/4,Modern
414,Mikrokosmos vol.4 part 16 (112),Bela Bartok,2/4,Nationalism
415,Mikrokosmos vol.4 part 17 (113),Bela Bartok,7/8,Nationalism
416,Mikrokosmos vol.4 part 18 (114),Bela Bartok,4/4,Modern
417,Mikrokosmos vol.4 part 19 (115),Bela Bartok,5/8,Nationalism
418,Mikrokosmos vol.4 part 2 (98),Bela Bartok,2/4,Nationalism
419,Mikrokosmos vol.4 part 20 (116),Bela Bartok,4/4,Nationalism
420,Mikrokosmos vol.4 part 21 (117),Bela Bartok,4/4,Neoclassicism
421,Mikrokosmos vol.4 part 22 (118),Bela Bartok,9/8,Nationalism
422,Mikrokosmos vol.4 part 23 (119),Bela Bartok,3/4,Modern
423,Mikrokosmos vol.4 part 24 (120),Bela Bartok,5/4,Modern
424,Mikrokosmos vol.4 part 25 (121),Bela Bartok,3/2,Modern
425,Mikrokosmos vol.4 part 3 (99),Bela Bartok,3/4,Modern
426,Mikrokosmos vol.4 part 4 (100),Bela Bartok,5/8,Nationalism
427,Mikrokosmos vol.4 part 5 (101),Bela Bartok,2/4,Modern
428,Mikrokosmos vol.4 part 6 (102),Bela Bartok,3/4,Modern
429,Mikrokosmos vol.4 part 7 (103),Bela Bartok,9/8,Modern
430,Mikrokosmos vol.4 part 8 (104) A,Bela Bartok,2/4,Modern
431,Mikrokosmos vol.4 part 8 (104) B,Bela Bartok,2/4,Modern
432,Mikrokosmos vol.4 part 9 (105),Bela Bartok,4/4,Modern
433,Mikrokosmos vol.5 part 1 (122),Bela Bartok,2/4,Modern
434,Mikrokosmos vol.5 part 10 (131),Bela Bartok,2/4,Modern
435,Mikrokosmos vol.5 part 11 (132),Bela Bartok,9/8,Modern
436,Mikrokosmos vol.5 part 12 (133),Bela Bartok,5/4,Modern
437,Mikrokosmos vol.5 part 13 (134) A,Bela Bartok,4/4,Modern
438,Mikrokosmos vol.5 part 13 (134) B,Bela Bartok,4/4,Modern
439,Mikrokosmos vol.5 part 13 (134) C,Bela Bartok,4/4,Modern
440,Mikrokosmos vol.5 part 13 (135),Bela Bartok,4/4,Neoclassicism
441,Mikrokosmos vol.5 part 14 (136),Bela Bartok,2/4,Modern
442,Mikrokosmos vol.5 part 15 (137),Bela Bartok,2/4,Modern
443,Mikrokosmos vol.5 part 17 (139),Bela Bartok,2/4,Nationalism
444,Mikrokosmos vol.5 part 2 (123) A,Bela Bartok,2/4,Modern
445,Mikrokosmos vol.5 part 2 (123) B,Bela Bartok,2/4,Modern
446,Mikrokosmos vol.5 part 3 (124),Bela Bartok,4/4,Modern
447,Mikrokosmos vol.5 part 4 (125),Bela Bartok,3/4,Modern
448,Mikrokosmos vol.5 part 5 (126),Bela Bartok,2/4,Modern
449,Mikrokosmos vol.5 part 7 (128),Bela Bartok,2/4,Nationalism
450,Mikrokosmos vol.5 part 8 (129),Bela Bartok,2/4,Modern
451,Mikrokosmos vol.5 part 9 (130),Bela Bartok,2/4,Nationalism
452,Mikrokosmos vol.6 part 1 (140),Bela Bartok,3/8,Modern
453,Mikrokosmos vol.6 part 10 (149),Bela Bartok,7/8,Nationalism
454,Mikrokosmos vol.6 part 11 (150),Bela Bartok,5/8,Nationalism
455,Mikrokosmos vol.6 part 12 (151),Bela Bartok,8/8,Nationalism
456,Mikrokosmos vol.6 part 13 (152),Bela Bartok,9/8,Nationalism
457,Mikrokosmos vol.6 part 14 (153),Bela Bartok,8/8,Nationalism
458,Mikrokosmos vol.6 part 2 (141),Bela Bartok,2/4,Modern
459,Mikrokosmos vol.6 part 3 (142),Bela Bartok,3/4,Nationalism
460,Mikrokosmos vol.6 part 4 (143),Bela Bartok,2/4,Modern
461,Mikrokosmos vol.6 part 5 (144),Bela Bartok,4/4,Modern
462,Mikrokosmos vol.6 part 6 (145) A,Bela Bartok,4/4,Neoclassicism
463,Mikrokosmos vol.6 part 6 (145) B,Bela Bartok,4/4,Neoclassicism
464,Mikrokosmos vol.6 part 7 (146),Bela Bartok,2/4,Modern
465,Mikrokosmos vol.6 part 8 (147),Bela Bartok,4/4,Nationalism
466,Mikrokosmos vol.6 part 9 (148),Bela Bartok,9/8,Nationalism
467,Out of Doors part 1,Bela Bartok,2/4,Nationalism
468,Out of Doors part 2,Bela Bartok,6/8,Nationalism
469,Out of Doors part 3,Bela Bartok,2/4,Nationalism
470,Out of Doors part 4,Bela Bartok,3/2,Modern
471,Out of Doors part 5,Bela Bartok,6/8,Modern
472,Petite Suite for Piano sz. 105 part 1,Bela Bartok,3/4,Nationalism
473,Petite Suite for Piano sz. 105 part 2,Bela Bartok,2/4,Nationalism
474,Petite Suite for Piano sz. 105 part 3,Bela Bartok,3/2,Nationalism
475,Petite Suite for Piano sz. 105 part 4,Bela Bartok,2/4,Nationalism
476,Petite Suite for Piano sz. 105 part 5,Bela Bartok,2/4,Nationalism
477,Piano Sonata sz. 80 part 1,Bela Bartok,2/4,Modern
478,Piano Sonata sz. 80 part 2,Bela Bartok,6/4,Modern
479,Piano Sonata sz. 80 part 3,Bela Bartok,3/8,Modern
480,Rhapsody for Piano sz. 26,Bela Bartok,3/4,Nationalism
481,Romanian Christmas Carols sz. 57 series 1 part 10,Bela Bartok,2/4,Nationalism
482,Romanian Christmas Carols sz. 57 series 1 part 1,Bela Bartok,2/4,Nationalism
483,Romanian Christmas Carols sz. 57 series 1 part 2,Bela Bartok,5/8,Nationalism
484,Romanian Christmas Carols sz. 57 series 1 part 3,Bela Bartok,4/8,Nationalism
485,Romanian Christmas Carols sz. 57 series 1 part 4,Bela Bartok,2/4,Nationalism
486,Romanian Christmas Carols sz. 57 series 1 part 5,Bela Bartok,2/4,Nationalism
487,Romanian Christmas Carols sz. 57 series 1 part 6,Bela Bartok,2/4,Nationalism
488,Romanian Christmas Carols sz. 57 series 1 part 7,Bela Bartok,8/8,Nationalism
489,Romanian Christmas Carols sz. 57 series 1 part 8,Bela Bartok,2/4,Nationalism
490,Romanian Christmas Carols sz. 57 series 1 part 9,Bela Bartok,2/4,Nationalism
491,Romanian Christmas Carols sz. 57 series 2 part 10,Bela Bartok,2/4,Nationalism
492,Romanian Christmas Carols sz. 57 series 2 part 1,Bela Bartok,2/4,Nationalism
493,Romanian Christmas Carols sz. 57 series 2 part 2,Bela Bartok,3/8,Nationalism
494,Romanian Christmas Carols sz. 57 series 2 part 3,Bela Bartok,3/4,Nationalism
495,Romanian Christmas Carols sz. 57 series 2 part 4,Bela Bartok,6/8,Nationalism
496,Romanian Christmas Carols sz. 57 series 2 part 5,Bela Bartok,2/4,Nationalism
497,Romanian Christmas Carols sz. 57 series 2 part 6,Bela Bartok,8/8,Nationalism
498,Romanian Christmas Carols sz. 57 series 2 part 7,Bela Bartok,2/4,Nationalism
499,Romanian Christmas Carols sz. 57 series 2 part 8,Bela Bartok,2/4,Nationalism
500,Romanian Christmas Carols sz. 57 series 2 part 9,Bela Bartok,7/8,Nationalism
501,Romanian Folk Dance sz. 56 part 1,Bela Bartok,2/4,Nationalism
502,Romanian Folk Dance sz. 56 part 2,Bela Bartok,2/4,Nationalism
503,Romanian Folk Dance sz. 56 part 3,Bela Bartok,2/4,Nationalism
504,Romanian Folk Dance sz. 56 part 4,Bela Bartok,3/4,Nationalism
505,Romanian Folk Dance sz. 56 part 5,Bela Bartok,2/4,Nationalism
506,Romanian Folk Dance sz. 56 part 6,Bela Bartok,2/4,Nationalism
507,Rondo on Slovak Folk Tunes sz. 84 part 1,Bela Bartok,2/4,Nationalism
508,Rondo on Slovak Folk Tunes sz. 84 part 2,Bela Bartok,2/4,Nationalism
509,Rondo on Slovak Folk Tunes sz. 84 part 3,Bela Bartok,2/4,Nationalism
510,Sonatina sz. 55 part 1,Bela Bartok,2/4,Nationalism
511,Sonatina sz. 55 part 2,Bela Bartok,2/4,Nationalism
512,Sonatina sz. 55 part 3,Bela Bartok,2/4,Nationalism
513,Studies for Piano op. 18 part 1,Bela Bartok,2/2,Nationalism
514,Studies for Piano op. 18 part 2,Bela Bartok,4/4,Nationalism
515,Studies for Piano op. 18 part 3,Bela Bartok,6/8,Nationalism
516,Suite for Piano op. 14 part 1,Bela Bartok,2/4,Nationalism
517,Suite for Piano op. 14 part 2,Bela Bartok,3/4,Nationalism
518,Suite for Piano op. 14 part 3,Bela Bartok,2/2,Nationalism
519,Suite for Piano op. 14 part 4,Bela Bartok,6/8,Nationalism
520,15 Moravian Folksongs part 10,Leos Janacek,2/4,Nationalism
521,15 Moravian Folksongs part 11,Leos Janacek,3/4,Nationalism
522,15 Moravian Folksongs part 12,Leos Janacek,2/4,Nationalism
523,15 Moravian Folksongs part 13,Leos Janacek,2/4,Nationalism
524,15 Moravian Folksongs part 14,Leos Janacek,2/4,Nationalism
525,15 Moravian Folksongs part 15,Leos Janacek,2/4,Nationalism
526,15 Moravian Folksongs part 1,Leos Janacek,2/4,Nationalism
527,15 Moravian Folksongs part 2,Leos Janacek,2/2,Nationalism
528,15 Moravian Folksongs part 3,Leos Janacek,2/4,Nationalism
529,15 Moravian Folksongs part 4,Leos Janacek,2/4,Nationalism
530,15 Moravian Folksongs part 5,Leos Janacek,3/4,Nationalism
531,15 Moravian Folksongs part 6,Leos Janacek,2/4,Nationalism
532,15 Moravian Folksongs part 7,Leos Janacek,2/4,Nationalism
533,15 Moravian Folksongs part 8,Leos Janacek,3/4,Nationalism
534,15 Moravian Folksongs part 9,Leos Janacek,2/4,Nationalism
535,In the Mists part 1,Leos Janacek,2/4,Nationalism
536,In the Mists part 2,Leos Janacek,2/8,Nationalism
537,In the Mists part 3,Leos Janacek,4/8,Nationalism
538,In the Mists part 4,Leos Janacek,5/4,Nationalism
539,Music for Club Swinging part 1,Leos Janacek,2/4,Nationalism
540,Music for Club Swinging part 2,Leos Janacek,2/4,Nationalism
541,Music for Club Swinging part 3,Leos Janacek,2/4,Nationalism
542,Music for Club Swinging part 4,Leos Janacek,2/4,Nationalism
543,Music for Club Swinging part 5,Leos Janacek,2/4,Nationalism
544,On the Overgrown Path part 10,Leos Janacek,2/4,Nationalism
545,On the Overgrown Path part 11,Leos Janacek,4/8,Nationalism
546,On the Overgrown Path part 12,Leos Janacek,3/8,Nationalism
547,On the Overgrown Path part 13,Leos Janacek,3/8,Nationalism
548,On the Overgrown Path part 14,Leos Janacek,2/4,Nationalism
549,On the Overgrown Path part 15,Leos Janacek,3/8,Nationalism
550,On the Overgrown Path part 1,Leos Janacek,2/8,Nationalism
551,On the Overgrown Path part 2,Leos Janacek,2/4,Nationalism
552,On the Overgrown Path part 3,Leos Janacek,1/8,Nationalism
553,On the Overgrown Path part 4,Leos Janacek,6/8,Nationalism
554,On the Overgrown Path part 5,Leos Janacek,4/8,Nationalism
555,On the Overgrown Path part 6,Leos Janacek,4/8,Nationalism
556,On the Overgrown Path part 7,Leos Janacek,4/8,Nationalism
557,On the Overgrown Path part 8,Leos Janacek,2/4,Nationalism
558,On the Overgrown Path part 9,Leos Janacek,2/4,Nationalism
559,The Diary of One Who Disappeared part 13,Leos Janacek,2/4,Nationalism
560,X.1905 part 1,Leos Janacek,6/8,Nationalism
561,X.1905 part 2,Leos Janacek,4/8,Nationalism
562,Zdenka Variations,Leos Janacek,2/4,Nationalism
563,Allegro de concierto,Manuel de Falla,4/4,Nationalism
564,Cancion,Manuel de Falla,3/8,Nationalism
565,Canto de los remeros del volga (12 bar only),Manuel de Falla,4/4,Nationalism
566,Cortejo de gnomos,Manuel de Falla,2/4,Nationalism
567,Fantasia Baetica,Manuel de Falla,3/4,Nationalism
568,Mazurka en do menur,Manuel de Falla,3/4,Nationalism
569,Nocturno,Manuel de Falla,3/8,Nationalism
570,Piezas Espanolas part 1,Manuel de Falla,3/8,Nationalism
571,Piezas Espanolas part 2,Manuel de Falla,3/4,Nationalism
572,Piezas Espanolas part 3,Manuel de Falla,3/4,Nationalism
573,Piezas Espanolas part 4,Manuel de Falla,3/4,Nationalism
574,Pour le tombeau de Paul Dukas,Manuel de Falla,4/4,Nationalism
575,Serenata Andaluza,Manuel de Falla,3/4,Nationalism
576,Vals Capricho,Manuel de Falla,3/4,Nationalism
577,Le tombeau de Couperin part 1,Maurice Ravel,12/16,Neoclassicism
578,Le tombeau de Couperin part 2,Maurice Ravel,4/4,Neoclassicism
579,Le tombeau de Couperin part 3,Maurice Ravel,6/8,Neoclassicism
580,Le tombeau de Couperin part 4,Maurice Ravel,2/4,Neoclassicism
581,Le tombeau de Couperin part 5,Maurice Ravel,3/4,Neoclassicism
582,Le tombeau de Couperin part 6,Maurice Ravel,2/4,Neoclassicism
583,Menuet Antique,Maurice Ravel,3/4,Neoclassicism
584,Pavane pour une infante defunte,Maurice Ravel,4/4,Neoclassicism
585,Sonatine part 1,Maurice Ravel,2/4,Neoclassicism
586,Sonatine part 2,Maurice Ravel,3/8,Neoclassicism
587,Sonatine part 3,Maurice Ravel,3/4,Neoclassicism
588,1922 part 1,Paul Hindemith,2/4,Neoclassicism
589,1922 part 2,Paul Hindemith,2/2,Neoclassicism
590,1922 part 3,Paul Hindemith,6/4,Neoclassicism
591,1922 part 4,Paul Hindemith,3/4,Neoclassicism
592,1922 part 5,Paul Hindemith,2/4,Neoclassicism
593,"In einer Nacht..., Op.15 part 10",Paul Hindemith,3/4,Neoclassicism
594,"In einer Nacht..., Op.15 part 11",Paul Hindemith,2/2,Neoclassicism
595,"In einer Nacht..., Op.15 part 12",Paul Hindemith,2/2,Neoclassicism
596,"In einer Nacht..., Op.15 part 13",Paul Hindemith,2/4,Neoclassicism
597,"In einer Nacht..., Op.15 part 14",Paul Hindemith,3/4,Neoclassicism
598,"In einer Nacht..., Op.15 part 1",Paul Hindemith,3/4,Neoclassicism
599,"In einer Nacht..., Op.15 part 2",Paul Hindemith,9/8,Neoclassicism
600,"In einer Nacht..., Op.15 part 3",Paul Hindemith,3/4,Neoclassicism
601,"In einer Nacht..., Op.15 part 4",Paul Hindemith,3/4,Neoclassicism
602,"In einer Nacht..., Op.15 part 5",Paul Hindemith,3/4,Neoclassicism
603,"In einer Nacht..., Op.15 part 6",Paul Hindemith,4/4,Neoclassicism
604,"In einer Nacht..., Op.15 part 7",Paul Hindemith,3/4,Neoclassicism
605,"In einer Nacht..., Op.15 part 8",Paul Hindemith,1,Neoclassicism
606,"In einer Nacht..., Op.15 part 9",Paul Hindemith,3/4,Neoclassicism
607,Klaviermusik op. 37 Erster Teil part 1,Paul Hindemith,2/4,Neoclassicism
608,Klaviermusik op. 37 Erster Teil part 2,Paul Hindemith,4/4,Neoclassicism
609,Klaviermusik op. 37 Erster Teil part 3,Paul Hindemith,2/2,Neoclassicism
610,Klaviermusik op. 37 Zweiter Teil part 10,Paul Hindemith,6/4,Neoclassicism
611,Klaviermusik op. 37 Zweiter Teil part 11,Paul Hindemith,8/8,Neoclassicism
612,Klaviermusik op. 37 Zweiter Teil part 12,Paul Hindemith,4/4,Neoclassicism
613,Klaviermusik op. 37 Zweiter Teil part 13,Paul Hindemith,2/4,Neoclassicism
614,Klaviermusik op. 37 Zweiter Teil part 1,Paul Hindemith,3/2,Neoclassicism
615,Klaviermusik op. 37 Zweiter Teil part 2,Paul Hindemith,3/4,Neoclassicism
616,Klaviermusik op. 37 Zweiter Teil part 3,Paul Hindemith,3/8,Neoclassicism
617,Klaviermusik op. 37 Zweiter Teil part 4,Paul Hindemith,3/4,Neoclassicism
618,Klaviermusik op. 37 Zweiter Teil part 5,Paul Hindemith,9/8,Neoclassicism
619,Klaviermusik op. 37 Zweiter Teil part 6,Paul Hindemith,2/4,Neoclassicism
620,Klaviermusik op. 37 Zweiter Teil part 7,Paul Hindemith,3/2,Neoclassicism
621,Klaviermusik op. 37 Zweiter Teil part 8,Paul Hindemith,8/8,Neoclassicism
622,Klaviermusik op. 37 Zweiter Teil part 9,Paul Hindemith,9/16,Neoclassicism
623,Ludus Tonalis part 10,Paul Hindemith,6/8,Neoclassicism
624,Ludus Tonalis part 11,Paul Hindemith,3/4,Neoclassicism
625,Ludus Tonalis part 12,Paul Hindemith,4/8,Neoclassicism
626,Ludus Tonalis part 13,Paul Hindemith,2/2,Neoclassicism
627,Ludus Tonalis part 14,Paul Hindemith,3/4,Neoclassicism
628,Ludus Tonalis part 15,Paul Hindemith,8/8,Neoclassicism
629,Ludus Tonalis part 16,Paul Hindemith,4/4,Neoclassicism
630,Ludus Tonalis part 17,Paul Hindemith,12/8,Neoclassicism
631,Ludus Tonalis part 18,Paul Hindemith,2/4,Neoclassicism
632,Ludus Tonalis part 19,Paul Hindemith,3/4,Neoclassicism
633,Ludus Tonalis part 1,Paul Hindemith,4/4,Neoclassicism
634,Ludus Tonalis part 20,Paul Hindemith,4/4,Neoclassicism
635,Ludus Tonalis part 21,Paul Hindemith,3/2,Neoclassicism
636,Ludus Tonalis part 22,Paul Hindemith,4/2,Neoclassicism
637,Ludus Tonalis part 23,Paul Hindemith,3/8,Neoclassicism
638,Ludus Tonalis part 24,Paul Hindemith,9/8,Neoclassicism
639,Ludus Tonalis part 25,Paul Hindemith,15/8,Neoclassicism
640,Ludus Tonalis part 2,Paul Hindemith,4/4,Neoclassicism
641,Ludus Tonalis part 3,Paul Hindemith,3/4,Neoclassicism
642,Ludus Tonalis part 4,Paul Hindemith,5/8,Neoclassicism
643,Ludus Tonalis part 5,Paul Hindemith,6/8,Neoclassicism
644,Ludus Tonalis part 6,Paul Hindemith,4/4,Neoclassicism
645,Ludus Tonalis part 7,Paul Hindemith,2/4,Neoclassicism
646,Ludus Tonalis part 8,Paul Hindemith,3/2,Neoclassicism
647,Ludus Tonalis part 9,Paul Hindemith,4/4,Neoclassicism
648,Piano sonata no. 1 part 1,Paul Hindemith,4/4,Neoclassicism
649,Piano sonata no. 1 part 2,Paul Hindemith,4/4,Neoclassicism
650,Piano sonata no. 1 part 3,Paul Hindemith,3/4,Neoclassicism
651,Piano sonata no. 1 part 4,Paul Hindemith,4/4,Neoclassicism
652,Piano sonata no. 1 part 5,Paul Hindemith,3/1,Neoclassicism
653,Piano sonata no. 2 part 1,Paul Hindemith,2/4,Neoclassicism
654,Piano sonata no. 2 part 2,Paul Hindemith,3/4,Neoclassicism
655,Piano sonata no. 2 part 3,Paul Hindemith,6/8,Neoclassicism
656,Piano sonata no. 3 part 1,Paul Hindemith,6/8,Neoclassicism
657,Piano sonata no. 3 part 2,Paul Hindemith,2/2,Neoclassicism
658,Piano sonata no. 3 part 3,Paul Hindemith,2/4,Neoclassicism
659,Piano sonata no. 3 part 4,Paul Hindemith,3/2,Neoclassicism
660,Piano sonata op. 17 part 1,Paul Hindemith,4/4,Neoclassicism
661,Piano sonata op. 17 part 2,Paul Hindemith,3/4,Neoclassicism
662,Piano sonata op. 17 part 3,Paul Hindemith,2/2,Neoclassicism
663,"Tanzstücke, Op.19 part 1",Paul Hindemith,2/2,Neoclassicism
664,"Tanzstücke, Op.19 part 2",Paul Hindemith,6/4,Neoclassicism
665,"Tanzstücke, Op.19 part 3",Paul Hindemith,2/4,Neoclassicism
666,"Tanzstücke, Op.19 part 4",Paul Hindemith,2/2,Neoclassicism
667,"Tanzstücke, Op.19 part 5",Paul Hindemith,2/4,Neoclassicism
668,Wir bauen eine statdt part 1,Paul Hindemith,4/4,Neoclassicism
669,Wir bauen eine statdt part 2,Paul Hindemith,4/4,Neoclassicism
670,Wir bauen eine statdt part 3,Paul Hindemith,6/8,Neoclassicism
671,Wir bauen eine statdt part 4,Paul Hindemith,2/4,Neoclassicism
672,Wir bauen eine statdt part 5,Paul Hindemith,3/4,Neoclassicism
673,Wir bauen eine statdt part 6,Paul Hindemith,2/4,Neoclassicism
674,Kleiner Walzer in G Major,Alban Berg,3/4,Serialism
675,Piano Sonata Op. 1,Alban Berg,3/4,Serialism
676,Kinderstuck,Anton Webern,3/4,Serialism
677,Klavierstuck,Anton Webern,3/4,Serialism
678,Variations for Piano Op 27 Part 1,Anton Webern,3/16,Serialism
679,Variations for Piano Op 27 part 2,,,Serialism
680,Variations for Piano Op 27 part 3,Anton Webern,3/2,Serialism
681,"6 Kleine Klavierstucke, Op. 19 Part 1",Arnold Schoenberg,6/8,Serialism
682,"6 Kleine Klavierstucke, Op. 19 Part 2",Arnold Schoenberg,4/4,Serialism
683,"6 Kleine Klavierstucke, Op. 19 Part 3",Arnold Schoenberg,4/4,Serialism
684,"6 Kleine Klavierstucke, Op. 19 Part 4",Arnold Schoenberg,2/4,Serialism
685,"6 Kleine Klavierstucke, Op. 19 Part 5",Arnold Schoenberg,3/8,Serialism
686,"6 Kleine Klavierstucke, Op. 19 part 6",Arnold Schoenberg,4/4,Serialism
687,Drei Klavierstucke Op. 11 part 1,Arnold Schoenberg,3/4,Serialism
688,Drei Klavierstucke Op. 11 part 2,Arnold Schoenberg,12/8,Serialism
689,Drei Klavierstucke Op. 11 part 3,Arnold Schoenberg,6/8,Serialism
690,"Five Piano Pieces, Op 23 part 1",Arnold Schoenberg,4/8,Serialism
691,"Five Piano Pieces, Op. 23 part 2",Arnold Schoenberg,3/4,Serialism
692,"Five Piano Pieces, Op. 23 Part 3",Arnold Schoenberg,3/4,Serialism
693,"Five Piano Pieces, Op. 23 part 4",Arnold Schoenberg,4/4,Serialism
694,"Five Piano Pieces, Op. 23 Part 5",Arnold Schoenberg,3/8,Serialism
695,"Klavierstucke, Op 33a",Arnold Schoenberg,4/4,Serialism
696,"Klavierstucke, Op 33b",Arnold Schoenberg,2/4,Serialism
697,"Suite fur Klavier, Op. 25 Part 1",Arnold Schoenberg,6/8,Serialism
698,"Suite fur Klavier, Op. 25 Part 2",Arnold Schoenberg,2/2,Serialism
699,"Suite fur Klavier, Op. 25 Part 3",Arnold Schoenberg,2/2,Serialism
700,"Suite fur Klavier, Op. 25 Part 4",Arnold Schoenberg,3/4,Serialism
701,"Suite fur Klavier, Op. 25 Part 5",Arnold Schoenberg,3/4,Serialism
702,"Suite fur Klavier, Op. 25 Part 6",Arnold Schoenberg,2/2,Serialism
703,"4 Klavierstucke, Op. 3 Part 1",Hanns Eisler,4/8,Serialism
704,"4 Klavierstucke, Op. 3 Part 2",Hanns Eisler,2/4,Serialism
705,"4 Klavierstucke, Op. 3 Part 3",Hanns Eisler,3/4,Serialism
706,"4 Klavierstucke, Op. 3 Part 4",Hanns Eisler,2/4,Serialism
707,8 Klavierstucke Op. 8 Part 1,Hanns Eisler,2/4,Serialism
708,8 Klavierstucke Op. 8 Part 2,Hanns Eisler,2/2,Serialism
709,8 Klavierstucke Op. 8 Part 3,Hanns Eisler,3/4,Serialism
710,8 Klavierstucke Op. 8 Part 4,Hanns Eisler,2/4,Serialism
711,8 Klavierstucke Op. 8 Part 5,Hanns Eisler,2/2,Serialism
712,8 Klavierstucke Op. 8 Part 6,Hanns Eisler,5/4,Serialism
713,8 Klavierstucke Op. 8 Part 7,Hanns Eisler,3/4,Serialism
714,8 Klavierstucke Op. 8 Part 8,Hanns Eisler,2/2,Serialism
715,Piano Sonata No. 2 Op 6,Hanns Eisler,4/8,Serialism
716,Piano Sonata no. 3 part 1,Hanns Eisler,4/4,Serialism
717,Piano Sonata no. 3 part 2,Hanns Eisler,5/4,Serialism
718,Piano Sonata no. 3 part 3,Hanns Eisler,4/4,Serialism
719,Piano Sonata No.1 Op 1 Part 1,Hanns Eisler,2/4,Serialism
720,Piano Sonata No.1 Op 1 Part 2,Hanns Eisler,2/2,Serialism
721,Piano Sonata No.1 Op 1 Part 3,Hanns Eisler,2/4,Serialism